{"cameraMode":{"drawMode":0,"name":"Shaded","section":"Shading Mode"},"sceneLighting":true,"audioPlay":false,"sceneViewState":{"showFog":true,"showMaterialUpdate":false,"showSkybox":true,"showFlares":true,"showImageEffects":true,"showParticleSystems":true},"in2DMode":false,"pivot":{"x":11.671192169189454,"y":-50.962650299072269,"z":-6.467127799987793},"rotation":{"x":-0.055310994386672977,"y":-0.7572428584098816,"z":0.6475651264190674,"w":-0.0646793469786644},"size":80.28338623046875,"orthographic":false}